filename, language, YAML, Dockerfile, Markdown, Python, Properties, XML, Shell Script, Makefile, reStructuredText, CUDA C++, C++, comment, blank, total
g:\mywork\pytorch\detectron2\.clang-format, YAML, 85, 0, 0, 0, 0, 0, 0, 0, 0, 0, 0, 0, 1, 86
g:\mywork\pytorch\detectron2\.github\CODE_OF_CONDUCT.md, Markdown, 0, 0, 4, 0, 0, 0, 0, 0, 0, 0, 0, 0, 2, 6
g:\mywork\pytorch\detectron2\.github\CONTRIBUTING.md, Markdown, 0, 0, 24, 0, 0, 0, 0, 0, 0, 0, 0, 0, 8, 32
g:\mywork\pytorch\detectron2\.github\Detectron2-Logo-Horz.svg, XML, 0, 0, 0, 0, 0, 1, 0, 0, 0, 0, 0, 0, 0, 1
g:\mywork\pytorch\detectron2\.github\ISSUE_TEMPLATE\feature-request.md, Markdown, 0, 0, 7, 0, 0, 0, 0, 0, 0, 0, 0, 3, 7, 17
g:\mywork\pytorch\detectron2\.github\ISSUE_TEMPLATE\questions-help-support.md, Markdown, 0, 0, 9, 0, 0, 0, 0, 0, 0, 0, 0, 0, 6, 15
g:\mywork\pytorch\detectron2\.github\ISSUE_TEMPLATE\unexpected-problems-bugs.md, Markdown, 0, 0, 29, 0, 0, 0, 0, 0, 0, 0, 0, 0, 10, 39
g:\mywork\pytorch\detectron2\.github\pull_request_template.md, Markdown, 0, 0, 4, 0, 0, 0, 0, 0, 0, 0, 0, 0, 3, 7
g:\mywork\pytorch\detectron2\Dockerfile, Dockerfile, 0, 17, 0, 0, 0, 0, 0, 0, 0, 0, 0, 17, 9, 43
g:\mywork\pytorch\detectron2\GETTING_STARTED.md, Markdown, 0, 0, 59, 0, 0, 0, 0, 0, 0, 0, 0, 0, 20, 79
g:\mywork\pytorch\detectron2\INSTALL.md, Markdown, 0, 0, 53, 0, 0, 0, 0, 0, 0, 0, 0, 0, 17, 70
g:\mywork\pytorch\detectron2\MODEL_ZOO.md, Markdown, 0, 0, 694, 0, 0, 0, 0, 0, 0, 0, 0, 123, 61, 878
g:\mywork\pytorch\detectron2\README.md, Markdown, 0, 0, 39, 0, 0, 0, 0, 0, 0, 0, 0, 0, 18, 57
g:\mywork\pytorch\detectron2\configs\Base-RCNN-C4-cwr.yaml, YAML, 17, 0, 0, 0, 0, 0, 0, 0, 0, 0, 0, 0, 2, 19
g:\mywork\pytorch\detectron2\configs\Base-RCNN-C4.yaml, YAML, 17, 0, 0, 0, 0, 0, 0, 0, 0, 0, 0, 0, 2, 19
g:\mywork\pytorch\detectron2\configs\Base-RCNN-DilatedC5.yaml, YAML, 30, 0, 0, 0, 0, 0, 0, 0, 0, 0, 0, 0, 1, 31
g:\mywork\pytorch\detectron2\configs\Base-RCNN-FPN.yaml, YAML, 38, 0, 0, 0, 0, 0, 0, 0, 0, 0, 0, 3, 1, 42
g:\mywork\pytorch\detectron2\configs\Base-RetinaNet.yaml, YAML, 23, 0, 0, 0, 0, 0, 0, 0, 0, 0, 0, 0, 1, 24
g:\mywork\pytorch\detectron2\configs\COCO-Detection\fast_rcnn_R_50_FPN_1x.yaml, YAML, 16, 0, 0, 0, 0, 0, 0, 0, 0, 0, 0, 1, 1, 18
g:\mywork\pytorch\detectron2\configs\COCO-Detection\faster_rcnn_R_101_C4_3x.yaml, YAML, 9, 0, 0, 0, 0, 0, 0, 0, 0, 0, 0, 0, 1, 10
g:\mywork\pytorch\detectron2\configs\COCO-Detection\faster_rcnn_R_101_DC5_3x.yaml, YAML, 9, 0, 0, 0, 0, 0, 0, 0, 0, 0, 0, 0, 1, 10
g:\mywork\pytorch\detectron2\configs\COCO-Detection\faster_rcnn_R_101_FPN_3x.yaml, YAML, 9, 0, 0, 0, 0, 0, 0, 0, 0, 0, 0, 0, 1, 10
g:\mywork\pytorch\detectron2\configs\COCO-Detection\faster_rcnn_R_50_C4_1x.yaml, YAML, 6, 0, 0, 0, 0, 0, 0, 0, 0, 0, 0, 0, 1, 7
g:\mywork\pytorch\detectron2\configs\COCO-Detection\faster_rcnn_R_50_C4_3x.yaml, YAML, 9, 0, 0, 0, 0, 0, 0, 0, 0, 0, 0, 0, 1, 10
g:\mywork\pytorch\detectron2\configs\COCO-Detection\faster_rcnn_R_50_DC5_1x.yaml, YAML, 6, 0, 0, 0, 0, 0, 0, 0, 0, 0, 0, 0, 1, 7
g:\mywork\pytorch\detectron2\configs\COCO-Detection\faster_rcnn_R_50_DC5_3x.yaml, YAML, 9, 0, 0, 0, 0, 0, 0, 0, 0, 0, 0, 0, 1, 10
g:\mywork\pytorch\detectron2\configs\COCO-Detection\faster_rcnn_R_50_FPN_1x.yaml, YAML, 6, 0, 0, 0, 0, 0, 0, 0, 0, 0, 0, 0, 1, 7
g:\mywork\pytorch\detectron2\configs\COCO-Detection\faster_rcnn_R_50_FPN_3x.yaml, YAML, 9, 0, 0, 0, 0, 0, 0, 0, 0, 0, 0, 0, 1, 10
g:\mywork\pytorch\detectron2\configs\COCO-Detection\faster_rcnn_X_101_32x8d_FPN_3x.yaml, YAML, 13, 0, 0, 0, 0, 0, 0, 0, 0, 0, 0, 0, 1, 14
g:\mywork\pytorch\detectron2\configs\COCO-Detection\retinanet_R_101_FPN_3x.yaml, YAML, 8, 0, 0, 0, 0, 0, 0, 0, 0, 0, 0, 0, 1, 9
g:\mywork\pytorch\detectron2\configs\COCO-Detection\retinanet_R_50_FPN_1x.yaml, YAML, 5, 0, 0, 0, 0, 0, 0, 0, 0, 0, 0, 0, 1, 6
g:\mywork\pytorch\detectron2\configs\COCO-Detection\retinanet_R_50_FPN_3x.yaml, YAML, 8, 0, 0, 0, 0, 0, 0, 0, 0, 0, 0, 0, 1, 9
g:\mywork\pytorch\detectron2\configs\COCO-Detection\rpn_R_50_C4_1x.yaml, YAML, 10, 0, 0, 0, 0, 0, 0, 0, 0, 0, 0, 0, 1, 11
g:\mywork\pytorch\detectron2\configs\COCO-Detection\rpn_R_50_FPN_1x.yaml, YAML, 9, 0, 0, 0, 0, 0, 0, 0, 0, 0, 0, 0, 1, 10
g:\mywork\pytorch\detectron2\configs\COCO-InstanceSegmentation\mask_rcnn_R_101_C4_3x.yaml, YAML, 9, 0, 0, 0, 0, 0, 0, 0, 0, 0, 0, 0, 1, 10
g:\mywork\pytorch\detectron2\configs\COCO-InstanceSegmentation\mask_rcnn_R_101_DC5_3x.yaml, YAML, 9, 0, 0, 0, 0, 0, 0, 0, 0, 0, 0, 0, 1, 10
g:\mywork\pytorch\detectron2\configs\COCO-InstanceSegmentation\mask_rcnn_R_101_FPN_3x.yaml, YAML, 9, 0, 0, 0, 0, 0, 0, 0, 0, 0, 0, 0, 1, 10
g:\mywork\pytorch\detectron2\configs\COCO-InstanceSegmentation\mask_rcnn_R_50_C4_1x.yaml, YAML, 6, 0, 0, 0, 0, 0, 0, 0, 0, 0, 0, 0, 1, 7
g:\mywork\pytorch\detectron2\configs\COCO-InstanceSegmentation\mask_rcnn_R_50_C4_3x.yaml, YAML, 9, 0, 0, 0, 0, 0, 0, 0, 0, 0, 0, 0, 1, 10
g:\mywork\pytorch\detectron2\configs\COCO-InstanceSegmentation\mask_rcnn_R_50_DC5_1x.yaml, YAML, 6, 0, 0, 0, 0, 0, 0, 0, 0, 0, 0, 0, 1, 7
g:\mywork\pytorch\detectron2\configs\COCO-InstanceSegmentation\mask_rcnn_R_50_DC5_3x.yaml, YAML, 9, 0, 0, 0, 0, 0, 0, 0, 0, 0, 0, 0, 1, 10
g:\mywork\pytorch\detectron2\configs\COCO-InstanceSegmentation\mask_rcnn_R_50_FPN_1x.yaml, YAML, 6, 0, 0, 0, 0, 0, 0, 0, 0, 0, 0, 0, 1, 7
g:\mywork\pytorch\detectron2\configs\COCO-InstanceSegmentation\mask_rcnn_R_50_FPN_3x.yaml, YAML, 9, 0, 0, 0, 0, 0, 0, 0, 0, 0, 0, 0, 1, 10
g:\mywork\pytorch\detectron2\configs\COCO-InstanceSegmentation\mask_rcnn_X_101_32x8d_FPN_3x.yaml, YAML, 13, 0, 0, 0, 0, 0, 0, 0, 0, 0, 0, 0, 1, 14
g:\mywork\pytorch\detectron2\configs\COCO-Keypoints\Base-Keypoint-RCNN-FPN.yaml, YAML, 12, 0, 0, 0, 0, 0, 0, 0, 0, 0, 0, 3, 1, 16
g:\mywork\pytorch\detectron2\configs\COCO-Keypoints\keypoint_rcnn_R_101_FPN_3x.yaml, YAML, 8, 0, 0, 0, 0, 0, 0, 0, 0, 0, 0, 0, 1, 9
g:\mywork\pytorch\detectron2\configs\COCO-Keypoints\keypoint_rcnn_R_50_FPN_1x.yaml, YAML, 5, 0, 0, 0, 0, 0, 0, 0, 0, 0, 0, 0, 1, 6
g:\mywork\pytorch\detectron2\configs\COCO-Keypoints\keypoint_rcnn_R_50_FPN_3x.yaml, YAML, 8, 0, 0, 0, 0, 0, 0, 0, 0, 0, 0, 0, 1, 9
g:\mywork\pytorch\detectron2\configs\COCO-Keypoints\keypoint_rcnn_X_101_32x8d_FPN_3x.yaml, YAML, 12, 0, 0, 0, 0, 0, 0, 0, 0, 0, 0, 0, 1, 13
g:\mywork\pytorch\detectron2\configs\COCO-PanopticSegmentation\Base-Panoptic-FPN.yaml, YAML, 9, 0, 0, 0, 0, 0, 0, 0, 0, 0, 0, 0, 1, 10
g:\mywork\pytorch\detectron2\configs\COCO-PanopticSegmentation\panoptic_fpn_R_101_3x.yaml, YAML, 8, 0, 0, 0, 0, 0, 0, 0, 0, 0, 0, 0, 1, 9
g:\mywork\pytorch\detectron2\configs\COCO-PanopticSegmentation\panoptic_fpn_R_50_1x.yaml, YAML, 5, 0, 0, 0, 0, 0, 0, 0, 0, 0, 0, 0, 1, 6
g:\mywork\pytorch\detectron2\configs\COCO-PanopticSegmentation\panoptic_fpn_R_50_3x.yaml, YAML, 8, 0, 0, 0, 0, 0, 0, 0, 0, 0, 0, 0, 1, 9
g:\mywork\pytorch\detectron2\configs\Cityscapes\mask_rcnn_R_50_FPN.yaml, YAML, 22, 0, 0, 0, 0, 0, 0, 0, 0, 0, 0, 3, 1, 26
g:\mywork\pytorch\detectron2\configs\Detectron1-Comparisons\README.md, Markdown, 0, 0, 62, 0, 0, 0, 0, 0, 0, 0, 0, 9, 11, 82
g:\mywork\pytorch\detectron2\configs\Detectron1-Comparisons\faster_rcnn_R_50_FPN_noaug_1x.yaml, YAML, 14, 0, 0, 0, 0, 0, 0, 0, 0, 0, 0, 3, 1, 18
g:\mywork\pytorch\detectron2\configs\Detectron1-Comparisons\keypoint_rcnn_R_50_FPN_1x.yaml, YAML, 22, 0, 0, 0, 0, 0, 0, 0, 0, 0, 0, 5, 1, 28
g:\mywork\pytorch\detectron2\configs\Detectron1-Comparisons\mask_rcnn_R_50_FPN_noaug_1x.yaml, YAML, 17, 0, 0, 0, 0, 0, 0, 0, 0, 0, 0, 3, 1, 21
g:\mywork\pytorch\detectron2\configs\LVIS-InstanceSegmentation\mask_rcnn_R_101_FPN_1x.yaml, YAML, 19, 0, 0, 0, 0, 0, 0, 0, 0, 0, 0, 0, 1, 20
g:\mywork\pytorch\detectron2\configs\LVIS-InstanceSegmentation\mask_rcnn_R_50_FPN_1x.yaml, YAML, 19, 0, 0, 0, 0, 0, 0, 0, 0, 0, 0, 0, 1, 20
g:\mywork\pytorch\detectron2\configs\LVIS-InstanceSegmentation\mask_rcnn_X_101_32x8d_FPN_1x.yaml, YAML, 23, 0, 0, 0, 0, 0, 0, 0, 0, 0, 0, 0, 1, 24
g:\mywork\pytorch\detectron2\configs\Misc\cascade_mask_rcnn_R_50_FPN_1x.yaml, YAML, 12, 0, 0, 0, 0, 0, 0, 0, 0, 0, 0, 0, 1, 13
g:\mywork\pytorch\detectron2\configs\Misc\cascade_mask_rcnn_R_50_FPN_3x.yaml, YAML, 15, 0, 0, 0, 0, 0, 0, 0, 0, 0, 0, 0, 1, 16
g:\mywork\pytorch\detectron2\configs\Misc\cascade_mask_rcnn_X_152_32x8d_FPN_IN5k_gn_dconv.yaml, YAML, 36, 0, 0, 0, 0, 0, 0, 0, 0, 0, 0, 0, 1, 37
g:\mywork\pytorch\detectron2\configs\Misc\mask_rcnn_R_50_FPN_1x_cls_agnostic.yaml, YAML, 10, 0, 0, 0, 0, 0, 0, 0, 0, 0, 0, 0, 1, 11
g:\mywork\pytorch\detectron2\configs\Misc\mask_rcnn_R_50_FPN_1x_dconv_c3-c5.yaml, YAML, 8, 0, 0, 0, 0, 0, 0, 0, 0, 0, 0, 0, 1, 9
g:\mywork\pytorch\detectron2\configs\Misc\mask_rcnn_R_50_FPN_3x_dconv_c3-c5.yaml, YAML, 11, 0, 0, 0, 0, 0, 0, 0, 0, 0, 0, 0, 1, 12
g:\mywork\pytorch\detectron2\configs\Misc\mask_rcnn_R_50_FPN_3x_gn.yaml, YAML, 20, 0, 0, 0, 0, 0, 0, 0, 0, 0, 0, 1, 1, 22
g:\mywork\pytorch\detectron2\configs\Misc\mask_rcnn_R_50_FPN_3x_syncbn.yaml, YAML, 23, 0, 0, 0, 0, 0, 0, 0, 0, 0, 0, 1, 1, 25
g:\mywork\pytorch\detectron2\configs\Misc\panoptic_fpn_R_101_dconv_cascade_gn_3x.yaml, YAML, 23, 0, 0, 0, 0, 0, 0, 0, 0, 0, 0, 3, 1, 27
g:\mywork\pytorch\detectron2\configs\Misc\scratch_mask_rcnn_R_50_FPN_3x_gn.yaml, YAML, 6, 0, 0, 0, 0, 0, 0, 0, 0, 0, 0, 5, 1, 12
g:\mywork\pytorch\detectron2\configs\Misc\semantic_R_50_FPN_1x.yaml, YAML, 11, 0, 0, 0, 0, 0, 0, 0, 0, 0, 0, 0, 1, 12
g:\mywork\pytorch\detectron2\configs\PascalVOC-Detection\faster_rcnn_R_50_C4.yaml, YAML, 18, 0, 0, 0, 0, 0, 0, 0, 0, 0, 0, 0, 1, 19
g:\mywork\pytorch\detectron2\configs\PascalVOC-Detection\faster_rcnn_R_50_FPN.yaml, YAML, 18, 0, 0, 0, 0, 0, 0, 0, 0, 0, 0, 0, 1, 19
g:\mywork\pytorch\detectron2\configs\quick_schedules\README.md, Markdown, 0, 0, 1, 0, 0, 0, 0, 0, 0, 0, 0, 0, 1, 2
g:\mywork\pytorch\detectron2\configs\quick_schedules\fast_rcnn_R_50_FPN_inference_acc_test.yaml, YAML, 7, 0, 0, 0, 0, 0, 0, 0, 0, 0, 0, 0, 1, 8
g:\mywork\pytorch\detectron2\configs\quick_schedules\fast_rcnn_R_50_FPN_instant_test.yaml, YAML, 15, 0, 0, 0, 0, 0, 0, 0, 0, 0, 0, 0, 1, 16
g:\mywork\pytorch\detectron2\configs\quick_schedules\keypoint_rcnn_R_50_FPN_inference_acc_test.yaml, YAML, 7, 0, 0, 0, 0, 0, 0, 0, 0, 0, 0, 0, 1, 8
g:\mywork\pytorch\detectron2\configs\quick_schedules\keypoint_rcnn_R_50_FPN_instant_test.yaml, YAML, 14, 0, 0, 0, 0, 0, 0, 0, 0, 0, 0, 0, 1, 15
g:\mywork\pytorch\detectron2\configs\quick_schedules\keypoint_rcnn_R_50_FPN_normalized_training_acc_test.yaml, YAML, 30, 0, 0, 0, 0, 0, 0, 0, 0, 0, 0, 0, 1, 31
g:\mywork\pytorch\detectron2\configs\quick_schedules\keypoint_rcnn_R_50_FPN_training_acc_test.yaml, YAML, 28, 0, 0, 0, 0, 0, 0, 0, 0, 0, 0, 0, 1, 29
g:\mywork\pytorch\detectron2\configs\quick_schedules\mask_rcnn_R_50_C4_inference_acc_test.yaml, YAML, 7, 0, 0, 0, 0, 0, 0, 0, 0, 0, 0, 0, 1, 8
g:\mywork\pytorch\detectron2\configs\quick_schedules\mask_rcnn_R_50_C4_instant_test.yaml, YAML, 14, 0, 0, 0, 0, 0, 0, 0, 0, 0, 0, 0, 1, 15
g:\mywork\pytorch\detectron2\configs\quick_schedules\mask_rcnn_R_50_C4_training_acc_test.yaml, YAML, 22, 0, 0, 0, 0, 0, 0, 0, 0, 0, 0, 0, 1, 23
g:\mywork\pytorch\detectron2\configs\quick_schedules\mask_rcnn_R_50_DC5_inference_acc_test.yaml, YAML, 7, 0, 0, 0, 0, 0, 0, 0, 0, 0, 0, 0, 1, 8
g:\mywork\pytorch\detectron2\configs\quick_schedules\mask_rcnn_R_50_FPN_inference_acc_test.yaml, YAML, 10, 0, 0, 0, 0, 0, 0, 0, 0, 0, 0, 1, 1, 12
g:\mywork\pytorch\detectron2\configs\quick_schedules\mask_rcnn_R_50_FPN_instant_test.yaml, YAML, 14, 0, 0, 0, 0, 0, 0, 0, 0, 0, 0, 0, 1, 15
g:\mywork\pytorch\detectron2\configs\quick_schedules\mask_rcnn_R_50_FPN_training_acc_test.yaml, YAML, 21, 0, 0, 0, 0, 0, 0, 0, 0, 0, 0, 0, 1, 22
g:\mywork\pytorch\detectron2\configs\quick_schedules\panoptic_fpn_R_50_inference_acc_test.yaml, YAML, 7, 0, 0, 0, 0, 0, 0, 0, 0, 0, 0, 0, 1, 8
g:\mywork\pytorch\detectron2\configs\quick_schedules\panoptic_fpn_R_50_instant_test.yaml, YAML, 19, 0, 0, 0, 0, 0, 0, 0, 0, 0, 0, 0, 1, 20
g:\mywork\pytorch\detectron2\configs\quick_schedules\panoptic_fpn_R_50_training_acc_test.yaml, YAML, 20, 0, 0, 0, 0, 0, 0, 0, 0, 0, 0, 0, 1, 21
g:\mywork\pytorch\detectron2\configs\quick_schedules\retinanet_R_50_FPN_inference_acc_test.yaml, YAML, 7, 0, 0, 0, 0, 0, 0, 0, 0, 0, 0, 0, 1, 8
g:\mywork\pytorch\detectron2\configs\quick_schedules\retinanet_R_50_FPN_instant_test.yaml, YAML, 13, 0, 0, 0, 0, 0, 0, 0, 0, 0, 0, 0, 1, 14
g:\mywork\pytorch\detectron2\configs\quick_schedules\rpn_R_50_FPN_inference_acc_test.yaml, YAML, 7, 0, 0, 0, 0, 0, 0, 0, 0, 0, 0, 0, 1, 8
g:\mywork\pytorch\detectron2\configs\quick_schedules\rpn_R_50_FPN_instant_test.yaml, YAML, 13, 0, 0, 0, 0, 0, 0, 0, 0, 0, 0, 0, 1, 14
g:\mywork\pytorch\detectron2\configs\quick_schedules\semantic_R_50_FPN_inference_acc_test.yaml, YAML, 10, 0, 0, 0, 0, 0, 0, 0, 0, 0, 0, 0, 1, 11
g:\mywork\pytorch\detectron2\configs\quick_schedules\semantic_R_50_FPN_instant_test.yaml, YAML, 18, 0, 0, 0, 0, 0, 0, 0, 0, 0, 0, 0, 1, 19
g:\mywork\pytorch\detectron2\configs\quick_schedules\semantic_R_50_FPN_training_acc_test.yaml, YAML, 19, 0, 0, 0, 0, 0, 0, 0, 0, 0, 0, 1, 1, 21
g:\mywork\pytorch\detectron2\demo\README.md, Markdown, 0, 0, 5, 0, 0, 0, 0, 0, 0, 0, 0, 0, 4, 9
g:\mywork\pytorch\detectron2\demo\demo.py, Python, 0, 0, 0, 128, 0, 0, 0, 0, 0, 0, 0, 8, 17, 153
g:\mywork\pytorch\detectron2\demo\predictor.py, Python, 0, 0, 0, 149, 0, 0, 0, 0, 0, 0, 0, 40, 32, 221
g:\mywork\pytorch\detectron2\detectron2\__init__.py, Python, 0, 0, 0, 3, 0, 0, 0, 0, 0, 0, 0, 1, 5, 9
g:\mywork\pytorch\detectron2\detectron2\checkpoint\__init__.py, Python, 0, 0, 0, 4, 0, 0, 0, 0, 0, 0, 0, 3, 4, 11
g:\mywork\pytorch\detectron2\detectron2\checkpoint\c2_model_loading.py, Python, 0, 0, 0, 178, 0, 0, 0, 0, 0, 0, 0, 106, 30, 314
g:\mywork\pytorch\detectron2\detectron2\checkpoint\catalog.py, Python, 0, 0, 0, 86, 0, 0, 0, 0, 0, 0, 0, 20, 27, 133
g:\mywork\pytorch\detectron2\detectron2\checkpoint\detection_checkpoint.py, Python, 0, 0, 0, 41, 0, 0, 0, 0, 0, 0, 0, 10, 9, 60
g:\mywork\pytorch\detectron2\detectron2\config\__init__.py, Python, 0, 0, 0, 10, 0, 0, 0, 0, 0, 0, 0, 1, 2, 13
g:\mywork\pytorch\detectron2\detectron2\config\compat.py, Python, 0, 0, 0, 139, 0, 0, 0, 0, 0, 0, 0, 57, 34, 230
g:\mywork\pytorch\detectron2\detectron2\config\config.py, Python, 0, 0, 0, 44, 0, 0, 0, 0, 0, 0, 0, 42, 20, 106
g:\mywork\pytorch\detectron2\detectron2\config\defaults.py, Python, 0, 0, 0, 192, 0, 0, 0, 0, 0, 0, 0, 295, 81, 568
g:\mywork\pytorch\detectron2\detectron2\data\__init__.py, Python, 0, 0, 0, 13, 0, 0, 0, 0, 0, 0, 0, 2, 4, 19
g:\mywork\pytorch\detectron2\detectron2\data\build.py, Python, 0, 0, 0, 239, 0, 0, 0, 0, 0, 0, 0, 132, 54, 425
g:\mywork\pytorch\detectron2\detectron2\data\catalog.py, Python, 0, 0, 0, 96, 0, 0, 0, 0, 0, 0, 0, 91, 25, 212
g:\mywork\pytorch\detectron2\detectron2\data\common.py, Python, 0, 0, 0, 43, 0, 0, 0, 0, 0, 0, 0, 22, 17, 82
g:\mywork\pytorch\detectron2\detectron2\data\dataset_mapper.py, Python, 0, 0, 0, 90, 0, 0, 0, 0, 0, 0, 0, 38, 19, 147
g:\mywork\pytorch\detectron2\detectron2\data\datasets\README.md, Markdown, 0, 0, 5, 0, 0, 0, 0, 0, 0, 0, 0, 0, 5, 10
g:\mywork\pytorch\detectron2\detectron2\data\datasets\__init__.py, Python, 0, 0, 0, 7, 0, 0, 0, 0, 0, 0, 0, 1, 3, 11
g:\mywork\pytorch\detectron2\detectron2\data\datasets\builtin.py, Python, 0, 0, 0, 182, 0, 0, 0, 0, 0, 0, 0, 33, 40, 255
g:\mywork\pytorch\detectron2\detectron2\data\datasets\builtin_meta.py, Python, 0, 0, 0, 236, 0, 0, 0, 0, 0, 0, 0, 24, 15, 275
g:\mywork\pytorch\detectron2\detectron2\data\datasets\cityscapes.py, Python, 0, 0, 0, 198, 0, 0, 0, 0, 0, 0, 0, 75, 48, 321
g:\mywork\pytorch\detectron2\detectron2\data\datasets\coco.py, Python, 0, 0, 0, 229, 0, 0, 0, 0, 0, 0, 0, 163, 66, 458
g:\mywork\pytorch\detectron2\detectron2\data\datasets\ctf.py, Python, 0, 0, 0, 145, 0, 0, 0, 0, 0, 0, 0, 58, 55, 258
g:\mywork\pytorch\detectron2\detectron2\data\datasets\ctf_labels.py, Python, 0, 0, 0, 23, 0, 0, 0, 0, 0, 0, 0, 28, 15, 66
g:\mywork\pytorch\detectron2\detectron2\data\datasets\lvis.py, Python, 0, 0, 0, 94, 0, 0, 0, 0, 0, 0, 0, 83, 30, 207
g:\mywork\pytorch\detectron2\detectron2\data\datasets\lvis_v0_5_categories.py, Python, 0, 0, 0, 1, 0, 0, 0, 0, 0, 0, 0, 11, 2, 14
g:\mywork\pytorch\detectron2\detectron2\data\datasets\pascal_voc.py, Python, 0, 0, 0, 44, 0, 0, 0, 0, 0, 0, 0, 20, 15, 79
g:\mywork\pytorch\detectron2\detectron2\data\datasets\register_coco.py, Python, 0, 0, 0, 43, 0, 0, 0, 0, 0, 0, 0, 69, 13, 125
g:\mywork\pytorch\detectron2\detectron2\data\detection_utils.py, Python, 0, 0, 0, 196, 0, 0, 0, 0, 0, 0, 0, 166, 55, 417
g:\mywork\pytorch\detectron2\detectron2\data\samplers\__init__.py, Python, 0, 0, 0, 8, 0, 0, 0, 0, 0, 0, 0, 1, 2, 11
g:\mywork\pytorch\detectron2\detectron2\data\samplers\distributed_sampler.py, Python, 0, 0, 0, 92, 0, 0, 0, 0, 0, 0, 0, 82, 26, 200
g:\mywork\pytorch\detectron2\detectron2\data\samplers\grouped_batch_sampler.py, Python, 0, 0, 0, 25, 0, 0, 0, 0, 0, 0, 0, 16, 7, 48
g:\mywork\pytorch\detectron2\detectron2\data\transforms\__init__.py, Python, 0, 0, 0, 4, 0, 0, 0, 0, 0, 0, 0, 1, 2, 7
g:\mywork\pytorch\detectron2\detectron2\data\transforms\transform.py, Python, 0, 0, 0, 69, 0, 0, 0, 0, 0, 0, 0, 49, 22, 140
g:\mywork\pytorch\detectron2\detectron2\data\transforms\transform_gen.py, Python, 0, 0, 0, 222, 0, 0, 0, 0, 0, 0, 0, 161, 63, 446
g:\mywork\pytorch\detectron2\detectron2\engine\__init__.py, Python, 0, 0, 0, 5, 0, 0, 0, 0, 0, 0, 0, 3, 5, 13
g:\mywork\pytorch\detectron2\detectron2\engine\defaults.py, Python, 0, 0, 0, 227, 0, 0, 0, 0, 0, 0, 0, 219, 49, 495
g:\mywork\pytorch\detectron2\detectron2\engine\hooks.py, Python, 0, 0, 0, 221, 0, 0, 0, 0, 0, 0, 0, 140, 64, 425
g:\mywork\pytorch\detectron2\detectron2\engine\launch.py, Python, 0, 0, 0, 52, 0, 0, 0, 0, 0, 0, 0, 18, 15, 85
g:\mywork\pytorch\detectron2\detectron2\engine\train_loop.py, Python, 0, 0, 0, 101, 0, 0, 0, 0, 0, 0, 0, 133, 37, 271
g:\mywork\pytorch\detectron2\detectron2\evaluation\__init__.py, Python, 0, 0, 0, 9, 0, 0, 0, 0, 0, 0, 0, 1, 2, 12
g:\mywork\pytorch\detectron2\detectron2\evaluation\cityscapes_evaluation.py, Python, 0, 0, 0, 74, 0, 0, 0, 0, 0, 0, 0, 25, 16, 115
g:\mywork\pytorch\detectron2\detectron2\evaluation\coco_evaluation.py, Python, 0, 0, 0, 310, 0, 0, 0, 0, 0, 0, 0, 114, 66, 490
g:\mywork\pytorch\detectron2\detectron2\evaluation\evaluator.py, Python, 0, 0, 0, 90, 0, 0, 0, 0, 0, 0, 0, 63, 22, 175
g:\mywork\pytorch\detectron2\detectron2\evaluation\lvis_evaluation.py, Python, 0, 0, 0, 215, 0, 0, 0, 0, 0, 0, 0, 76, 50, 341
g:\mywork\pytorch\detectron2\detectron2\evaluation\panoptic_evaluation.py, Python, 0, 0, 0, 123, 0, 0, 0, 0, 0, 0, 0, 13, 31, 167
g:\mywork\pytorch\detectron2\detectron2\evaluation\pascal_voc_evaluation.py, Python, 0, 0, 0, 175, 0, 0, 0, 0, 0, 0, 0, 76, 42, 293
g:\mywork\pytorch\detectron2\detectron2\evaluation\sem_seg_evaluation.py, Python, 0, 0, 0, 107, 0, 0, 0, 0, 0, 0, 0, 36, 21, 164
g:\mywork\pytorch\detectron2\detectron2\evaluation\testing.py, Python, 0, 0, 0, 44, 0, 0, 0, 0, 0, 0, 0, 24, 10, 78
g:\mywork\pytorch\detectron2\detectron2\layers\__init__.py, Python, 0, 0, 0, 9, 0, 0, 0, 0, 0, 0, 0, 1, 2, 12
g:\mywork\pytorch\detectron2\detectron2\layers\batch_norm.py, Python, 0, 0, 0, 102, 0, 0, 0, 0, 0, 0, 0, 52, 26, 180
g:\mywork\pytorch\detectron2\detectron2\layers\csrc\README.md, Markdown, 0, 0, 4, 0, 0, 0, 0, 0, 0, 0, 0, 0, 4, 8
g:\mywork\pytorch\detectron2\detectron2\layers\csrc\ROIAlignRotated\ROIAlignRotated.h, CUDA C++, 0, 0, 0, 0, 0, 0, 0, 0, 0, 105, 0, 2, 9, 116
g:\mywork\pytorch\detectron2\detectron2\layers\csrc\ROIAlignRotated\ROIAlignRotated_cpu.cpp, C++, 0, 0, 0, 0, 0, 0, 0, 0, 0, 0, 402, 46, 72, 520
g:\mywork\pytorch\detectron2\detectron2\layers\csrc\ROIAlignRotated\ROIAlignRotated_cuda.cu, CUDA C++, 0, 0, 0, 0, 0, 0, 0, 0, 0, 333, 0, 41, 71, 445
g:\mywork\pytorch\detectron2\detectron2\layers\csrc\ROIAlign\ROIAlign.h, CUDA C++, 0, 0, 0, 0, 0, 0, 0, 0, 0, 120, 0, 2, 9, 131
g:\mywork\pytorch\detectron2\detectron2\layers\csrc\ROIAlign\ROIAlign_cpu.cpp, C++, 0, 0, 0, 0, 0, 0, 0, 0, 0, 0, 410, 29, 65, 504
g:\mywork\pytorch\detectron2\detectron2\layers\csrc\ROIAlign\ROIAlign_cuda.cu, CUDA C++, 0, 0, 0, 0, 0, 0, 0, 0, 0, 344, 0, 26, 63, 433
g:\mywork\pytorch\detectron2\detectron2\layers\csrc\box_iou_rotated\box_iou_rotated.h, CUDA C++, 0, 0, 0, 0, 0, 0, 0, 0, 0, 25, 0, 4, 7, 36
g:\mywork\pytorch\detectron2\detectron2\layers\csrc\box_iou_rotated\box_iou_rotated_cpu.cpp, C++, 0, 0, 0, 0, 0, 0, 0, 0, 0, 0, 35, 2, 10, 47
g:\mywork\pytorch\detectron2\detectron2\layers\csrc\box_iou_rotated\box_iou_rotated_cuda.cu, CUDA C++, 0, 0, 0, 0, 0, 0, 0, 0, 0, 81, 0, 4, 19, 104
g:\mywork\pytorch\detectron2\detectron2\layers\csrc\box_iou_rotated\box_iou_rotated_utils.h, CUDA C++, 0, 0, 0, 0, 0, 0, 0, 0, 0, 246, 0, 50, 47, 343
g:\mywork\pytorch\detectron2\detectron2\layers\csrc\cuda_version.cu, CUDA C++, 0, 0, 0, 0, 0, 0, 0, 0, 0, 6, 0, 0, 2, 8
g:\mywork\pytorch\detectron2\detectron2\layers\csrc\deformable\deform_conv.h, CUDA C++, 0, 0, 0, 0, 0, 0, 0, 0, 0, 363, 0, 1, 14, 378
g:\mywork\pytorch\detectron2\detectron2\layers\csrc\deformable\deform_conv_cuda.cu, CUDA C++, 0, 0, 0, 0, 0, 0, 0, 0, 0, 977, 0, 32, 122, 1131
g:\mywork\pytorch\detectron2\detectron2\layers\csrc\deformable\deform_conv_cuda_kernel.cu, CUDA C++, 0, 0, 0, 0, 0, 0, 0, 0, 0, 1077, 0, 104, 108, 1289
g:\mywork\pytorch\detectron2\detectron2\layers\csrc\nms_rotated\nms_rotated.h, CUDA C++, 0, 0, 0, 0, 0, 0, 0, 0, 0, 28, 0, 4, 7, 39
g:\mywork\pytorch\detectron2\detectron2\layers\csrc\nms_rotated\nms_rotated_cpu.cpp, C++, 0, 0, 0, 0, 0, 0, 0, 0, 0, 0, 54, 5, 15, 74
g:\mywork\pytorch\detectron2\detectron2\layers\csrc\nms_rotated\nms_rotated_cuda.cu, CUDA C++, 0, 0, 0, 0, 0, 0, 0, 0, 0, 104, 0, 9, 24, 137
g:\mywork\pytorch\detectron2\detectron2\layers\csrc\vision.cpp, C++, 0, 0, 0, 0, 0, 0, 0, 0, 0, 0, 77, 5, 16, 98
g:\mywork\pytorch\detectron2\detectron2\layers\deform_conv.py, Python, 0, 0, 0, 419, 0, 0, 0, 0, 0, 0, 0, 34, 42, 495
g:\mywork\pytorch\detectron2\detectron2\layers\mask_ops.py, Python, 0, 0, 0, 104, 0, 0, 0, 0, 0, 0, 0, 103, 35, 242
g:\mywork\pytorch\detectron2\detectron2\layers\nms.py, Python, 0, 0, 0, 33, 0, 0, 0, 0, 0, 0, 0, 102, 12, 147
g:\mywork\pytorch\detectron2\detectron2\layers\roi_align.py, Python, 0, 0, 0, 61, 0, 0, 0, 0, 0, 0, 0, 34, 11, 106
g:\mywork\pytorch\detectron2\detectron2\layers\roi_align_rotated.py, Python, 0, 0, 0, 57, 0, 0, 0, 0, 0, 0, 0, 21, 11, 89
g:\mywork\pytorch\detectron2\detectron2\layers\rotated_boxes.py, Python, 0, 0, 0, 4, 0, 0, 0, 0, 0, 0, 0, 16, 5, 25
g:\mywork\pytorch\detectron2\detectron2\layers\shape_spec.py, Python, 0, 0, 0, 4, 0, 0, 0, 0, 0, 0, 0, 13, 4, 21
g:\mywork\pytorch\detectron2\detectron2\layers\wrappers.py, Python, 0, 0, 0, 100, 0, 0, 0, 0, 0, 0, 0, 45, 26, 171
g:\mywork\pytorch\detectron2\detectron2\model_zoo\__init__.py, Python, 0, 0, 0, 1, 0, 0, 0, 0, 0, 0, 0, 6, 1, 8
g:\mywork\pytorch\detectron2\detectron2\model_zoo\model_zoo.py, Python, 0, 0, 0, 76, 0, 0, 0, 0, 0, 0, 0, 40, 13, 129
g:\mywork\pytorch\detectron2\detectron2\modeling\__init__.py, Python, 0, 0, 0, 49, 0, 0, 0, 0, 0, 0, 0, 1, 5, 55
g:\mywork\pytorch\detectron2\detectron2\modeling\anchor_generator.py, Python, 0, 0, 0, 152, 0, 0, 0, 0, 0, 0, 0, 151, 50, 353
g:\mywork\pytorch\detectron2\detectron2\modeling\backbone\__init__.py, Python, 0, 0, 0, 4, 0, 0, 0, 0, 0, 0, 0, 2, 3, 9
g:\mywork\pytorch\detectron2\detectron2\modeling\backbone\backbone.py, Python, 0, 0, 0, 29, 0, 0, 0, 0, 0, 0, 0, 29, 13, 71
g:\mywork\pytorch\detectron2\detectron2\modeling\backbone\build.py, Python, 0, 0, 0, 12, 0, 0, 0, 0, 0, 0, 0, 16, 6, 34
g:\mywork\pytorch\detectron2\detectron2\modeling\backbone\fpn.py, Python, 0, 0, 0, 143, 0, 0, 0, 0, 0, 0, 0, 71, 31, 245
g:\mywork\pytorch\detectron2\detectron2\modeling\backbone\resnet.py, Python, 0, 0, 0, 343, 0, 0, 0, 0, 0, 0, 0, 76, 61, 480
g:\mywork\pytorch\detectron2\detectron2\modeling\box_regression.py, Python, 0, 0, 0, 104, 0, 0, 0, 0, 0, 0, 0, 78, 36, 218
g:\mywork\pytorch\detectron2\detectron2\modeling\matcher.py, Python, 0, 0, 0, 39, 0, 0, 0, 0, 0, 0, 0, 81, 13, 133
g:\mywork\pytorch\detectron2\detectron2\modeling\meta_arch\__init__.py, Python, 0, 0, 0, 5, 0, 0, 0, 0, 0, 0, 0, 3, 4, 12
g:\mywork\pytorch\detectron2\detectron2\modeling\meta_arch\build.py, Python, 0, 0, 0, 6, 0, 0, 0, 0, 0, 0, 0, 9, 4, 19
g:\mywork\pytorch\detectron2\detectron2\modeling\meta_arch\panoptic_fpn.py, Python, 0, 0, 0, 136, 0, 0, 0, 0, 0, 0, 0, 46, 35, 217
g:\mywork\pytorch\detectron2\detectron2\modeling\meta_arch\rcnn.py, Python, 0, 0, 0, 118, 0, 0, 0, 0, 0, 0, 0, 59, 28, 205
g:\mywork\pytorch\detectron2\detectron2\modeling\meta_arch\retinanet.py, Python, 0, 0, 0, 228, 0, 0, 0, 0, 0, 0, 0, 149, 54, 431
g:\mywork\pytorch\detectron2\detectron2\modeling\meta_arch\semantic_seg.py, Python, 0, 0, 0, 108, 0, 0, 0, 0, 0, 0, 0, 36, 27, 171
g:\mywork\pytorch\detectron2\detectron2\modeling\poolers.py, Python, 0, 0, 0, 115, 0, 0, 0, 0, 0, 0, 0, 95, 26, 236
g:\mywork\pytorch\detectron2\detectron2\modeling\postprocessing.py, Python, 0, 0, 0, 30, 0, 0, 0, 0, 0, 0, 0, 37, 12, 79
g:\mywork\pytorch\detectron2\detectron2\modeling\proposal_generator\__init__.py, Python, 0, 0, 0, 2, 0, 0, 0, 0, 0, 0, 0, 1, 1, 4
g:\mywork\pytorch\detectron2\detectron2\modeling\proposal_generator\build.py, Python, 0, 0, 0, 9, 0, 0, 0, 0, 0, 0, 0, 10, 6, 25
g:\mywork\pytorch\detectron2\detectron2\modeling\proposal_generator\proposal_utils.py, Python, 0, 0, 0, 21, 0, 0, 0, 0, 0, 0, 0, 26, 11, 58
g:\mywork\pytorch\detectron2\detectron2\modeling\proposal_generator\rpn.py, Python, 0, 0, 0, 110, 0, 0, 0, 0, 0, 0, 0, 55, 24, 189
g:\mywork\pytorch\detectron2\detectron2\modeling\proposal_generator\rpn_outputs.py, Python, 0, 0, 0, 207, 0, 0, 0, 0, 0, 0, 0, 195, 41, 443
g:\mywork\pytorch\detectron2\detectron2\modeling\proposal_generator\rrpn.py, Python, 0, 0, 0, 49, 0, 0, 0, 0, 0, 0, 0, 27, 12, 88
g:\mywork\pytorch\detectron2\detectron2\modeling\proposal_generator\rrpn_outputs.py, Python, 0, 0, 0, 103, 0, 0, 0, 0, 0, 0, 0, 115, 23, 241
g:\mywork\pytorch\detectron2\detectron2\modeling\roi_heads\__init__.py, Python, 0, 0, 0, 12, 0, 0, 0, 0, 0, 0, 0, 1, 2, 15
g:\mywork\pytorch\detectron2\detectron2\modeling\roi_heads\box_head.py, Python, 0, 0, 0, 59, 0, 0, 0, 0, 0, 0, 0, 20, 15, 94
g:\mywork\pytorch\detectron2\detectron2\modeling\roi_heads\cascade_rcnn.py, Python, 0, 0, 0, 170, 0, 0, 0, 0, 0, 0, 0, 50, 24, 244
g:\mywork\pytorch\detectron2\detectron2\modeling\roi_heads\fast_rcnn.py, Python, 0, 0, 0, 144, 0, 0, 0, 0, 0, 0, 0, 172, 37, 353
g:\mywork\pytorch\detectron2\detectron2\modeling\roi_heads\keypoint_head.py, Python, 0, 0, 0, 83, 0, 0, 0, 0, 0, 0, 0, 59, 27, 169
g:\mywork\pytorch\detectron2\detectron2\modeling\roi_heads\mask_head.py, Python, 0, 0, 0, 113, 0, 0, 0, 0, 0, 0, 0, 63, 31, 207
g:\mywork\pytorch\detectron2\detectron2\modeling\roi_heads\roi_heads.py, Python, 0, 0, 0, 380, 0, 0, 0, 0, 0, 0, 0, 262, 74, 716
g:\mywork\pytorch\detectron2\detectron2\modeling\roi_heads\rotated_fast_rcnn.py, Python, 0, 0, 0, 144, 0, 0, 0, 0, 0, 0, 0, 121, 34, 299
g:\mywork\pytorch\detectron2\detectron2\modeling\sampling.py, Python, 0, 0, 0, 14, 0, 0, 0, 0, 0, 0, 0, 30, 7, 51
g:\mywork\pytorch\detectron2\detectron2\modeling\test_time_augmentation.py, Python, 0, 0, 0, 158, 0, 0, 0, 0, 0, 0, 0, 63, 28, 249
g:\mywork\pytorch\detectron2\detectron2\solver\__init__.py, Python, 0, 0, 0, 3, 0, 0, 0, 0, 0, 0, 0, 1, 2, 6
g:\mywork\pytorch\detectron2\detectron2\solver\build.py, Python, 0, 0, 0, 42, 0, 0, 0, 0, 0, 0, 0, 11, 8, 61
g:\mywork\pytorch\detectron2\detectron2\solver\lr_scheduler.py, Python, 0, 0, 0, 75, 0, 0, 0, 0, 0, 0, 0, 28, 14, 117
g:\mywork\pytorch\detectron2\detectron2\structures\__init__.py, Python, 0, 0, 0, 8, 0, 0, 0, 0, 0, 0, 0, 1, 2, 11
g:\mywork\pytorch\detectron2\detectron2\structures\boxes.py, Python, 0, 0, 0, 136, 0, 0, 0, 0, 0, 0, 0, 128, 38, 302
g:\mywork\pytorch\detectron2\detectron2\structures\image_list.py, Python, 0, 0, 0, 51, 0, 0, 0, 0, 0, 0, 0, 36, 14, 101
g:\mywork\pytorch\detectron2\detectron2\structures\instances.py, Python, 0, 0, 0, 95, 0, 0, 0, 0, 0, 0, 0, 71, 21, 187
g:\mywork\pytorch\detectron2\detectron2\structures\keypoints.py, Python, 0, 0, 0, 94, 0, 0, 0, 0, 0, 0, 0, 77, 36, 207
g:\mywork\pytorch\detectron2\detectron2\structures\masks.py, Python, 0, 0, 0, 170, 0, 0, 0, 0, 0, 0, 0, 161, 48, 379
g:\mywork\pytorch\detectron2\detectron2\structures\rotated_boxes.py, Python, 0, 0, 0, 102, 0, 0, 0, 0, 0, 0, 0, 360, 38, 500
g:\mywork\pytorch\detectron2\detectron2\utils\README.md, Markdown, 0, 0, 4, 0, 0, 0, 0, 0, 0, 0, 0, 0, 2, 6
g:\mywork\pytorch\detectron2\detectron2\utils\__init__.py, Python, 0, 0, 0, 0, 0, 0, 0, 0, 0, 0, 0, 1, 1, 2
g:\mywork\pytorch\detectron2\detectron2\utils\collect_env.py, Python, 0, 0, 0, 71, 0, 0, 0, 0, 0, 0, 0, 2, 20, 93
g:\mywork\pytorch\detectron2\detectron2\utils\colormap.py, Python, 0, 0, 0, 105, 0, 0, 0, 0, 0, 0, 0, 24, 12, 141
g:\mywork\pytorch\detectron2\detectron2\utils\comm.py, Python, 0, 0, 0, 143, 0, 0, 0, 0, 0, 0, 0, 81, 40, 264
g:\mywork\pytorch\detectron2\detectron2\utils\env.py, Python, 0, 0, 0, 63, 0, 0, 0, 0, 0, 0, 0, 25, 18, 106
g:\mywork\pytorch\detectron2\detectron2\utils\events.py, Python, 0, 0, 0, 150, 0, 0, 0, 0, 0, 0, 0, 144, 44, 338
g:\mywork\pytorch\detectron2\detectron2\utils\logger.py, Python, 0, 0, 0, 107, 0, 0, 0, 0, 0, 0, 0, 63, 27, 197
g:\mywork\pytorch\detectron2\detectron2\utils\memory.py, Python, 0, 0, 0, 36, 0, 0, 0, 0, 0, 0, 0, 38, 11, 85
g:\mywork\pytorch\detectron2\detectron2\utils\registry.py, Python, 0, 0, 0, 1, 0, 0, 0, 0, 0, 0, 0, 2, 2, 5
g:\mywork\pytorch\detectron2\detectron2\utils\serialize.py, Python, 0, 0, 0, 13, 0, 0, 0, 0, 0, 0, 0, 10, 7, 30
g:\mywork\pytorch\detectron2\detectron2\utils\video_visualizer.py, Python, 0, 0, 0, 148, 0, 0, 0, 0, 0, 0, 0, 57, 31, 236
g:\mywork\pytorch\detectron2\detectron2\utils\visualizer.py, Python, 0, 0, 0, 656, 0, 0, 0, 0, 0, 0, 0, 351, 119, 1126
g:\mywork\pytorch\detectron2\dev\README.md, Markdown, 0, 0, 4, 0, 0, 0, 0, 0, 0, 0, 0, 0, 3, 7
g:\mywork\pytorch\detectron2\dev\linter.sh, Shell Script, 0, 0, 0, 0, 0, 0, 20, 0, 0, 0, 0, 6, 10, 36
g:\mywork\pytorch\detectron2\dev\parse_results.sh, Shell Script, 0, 0, 0, 0, 0, 0, 17, 0, 0, 0, 0, 16, 12, 45
g:\mywork\pytorch\detectron2\dev\run_inference_tests.sh, Shell Script, 0, 0, 0, 0, 0, 0, 32, 0, 0, 0, 0, 2, 11, 45
g:\mywork\pytorch\detectron2\dev\run_instant_tests.sh, Shell Script, 0, 0, 0, 0, 0, 0, 20, 0, 0, 0, 0, 2, 6, 28
g:\mywork\pytorch\detectron2\docs\Makefile, Makefile, 0, 0, 0, 0, 0, 0, 0, 9, 0, 0, 0, 6, 5, 20
g:\mywork\pytorch\detectron2\docs\README.md, Markdown, 0, 0, 11, 0, 0, 0, 0, 0, 0, 0, 0, 0, 5, 16
g:\mywork\pytorch\detectron2\docs\conf.py, Python, 0, 0, 0, 132, 0, 0, 0, 0, 0, 0, 0, 91, 62, 285
g:\mywork\pytorch\detectron2\docs\index.rst, reStructuredText, 0, 0, 0, 0, 0, 0, 0, 0, 9, 0, 0, 2, 4, 15
g:\mywork\pytorch\detectron2\docs\modules\checkpoint.rst, reStructuredText, 0, 0, 0, 0, 0, 0, 0, 0, 5, 0, 0, 1, 2, 8
g:\mywork\pytorch\detectron2\docs\modules\config.rst, reStructuredText, 0, 0, 0, 0, 0, 0, 0, 0, 10, 0, 0, 2, 5, 17
g:\mywork\pytorch\detectron2\docs\modules\data.rst, reStructuredText, 0, 0, 0, 0, 0, 0, 0, 0, 25, 0, 0, 5, 11, 41
g:\mywork\pytorch\detectron2\docs\modules\engine.rst, reStructuredText, 0, 0, 0, 0, 0, 0, 0, 0, 15, 0, 0, 3, 8, 26
g:\mywork\pytorch\detectron2\docs\modules\evaluation.rst, reStructuredText, 0, 0, 0, 0, 0, 0, 0, 0, 5, 0, 0, 1, 2, 8
g:\mywork\pytorch\detectron2\docs\modules\index.rst, reStructuredText, 0, 0, 0, 0, 0, 0, 0, 0, 13, 0, 0, 1, 3, 17
g:\mywork\pytorch\detectron2\docs\modules\layers.rst, reStructuredText, 0, 0, 0, 0, 0, 0, 0, 0, 5, 0, 0, 1, 2, 8
g:\mywork\pytorch\detectron2\docs\modules\model_zoo.rst, reStructuredText, 0, 0, 0, 0, 0, 0, 0, 0, 5, 0, 0, 1, 2, 8
g:\mywork\pytorch\detectron2\docs\modules\modeling.rst, reStructuredText, 0, 0, 0, 0, 0, 0, 0, 0, 29, 0, 0, 11, 17, 57
g:\mywork\pytorch\detectron2\docs\modules\solver.rst, reStructuredText, 0, 0, 0, 0, 0, 0, 0, 0, 5, 0, 0, 1, 2, 8
g:\mywork\pytorch\detectron2\docs\modules\structures.rst, reStructuredText, 0, 0, 0, 0, 0, 0, 0, 0, 5, 0, 0, 1, 2, 8
g:\mywork\pytorch\detectron2\docs\modules\utils.rst, reStructuredText, 0, 0, 0, 0, 0, 0, 0, 0, 37, 0, 0, 7, 20, 64
g:\mywork\pytorch\detectron2\docs\notes\benchmarks.md, Markdown, 0, 0, 190, 0, 0, 0, 0, 0, 0, 0, 0, 0, 26, 216
g:\mywork\pytorch\detectron2\docs\notes\changelog.md, Markdown, 0, 0, 7, 0, 0, 0, 0, 0, 0, 0, 0, 0, 6, 13
g:\mywork\pytorch\detectron2\docs\notes\compatibility.md, Markdown, 0, 0, 59, 0, 0, 0, 0, 0, 0, 0, 0, 0, 27, 86
g:\mywork\pytorch\detectron2\docs\notes\index.rst, reStructuredText, 0, 0, 0, 0, 0, 0, 0, 0, 6, 0, 0, 1, 3, 10
g:\mywork\pytorch\detectron2\docs\tutorials\configs.md, Markdown, 0, 0, 31, 0, 0, 0, 0, 0, 0, 0, 0, 0, 13, 44
g:\mywork\pytorch\detectron2\docs\tutorials\data_loading.md, Markdown, 0, 0, 36, 0, 0, 0, 0, 0, 0, 0, 0, 0, 13, 49
g:\mywork\pytorch\detectron2\docs\tutorials\datasets.md, Markdown, 0, 0, 143, 0, 0, 0, 0, 0, 0, 0, 0, 0, 38, 181
g:\mywork\pytorch\detectron2\docs\tutorials\extend.md, Markdown, 0, 0, 34, 0, 0, 0, 0, 0, 0, 0, 0, 0, 12, 46
g:\mywork\pytorch\detectron2\docs\tutorials\getting_started.md, Markdown, 0, 0, 1, 0, 0, 0, 0, 0, 0, 0, 0, 0, 0, 1
g:\mywork\pytorch\detectron2\docs\tutorials\index.rst, reStructuredText, 0, 0, 0, 0, 0, 0, 0, 0, 12, 0, 0, 1, 3, 16
g:\mywork\pytorch\detectron2\docs\tutorials\install.md, Markdown, 0, 0, 1, 0, 0, 0, 0, 0, 0, 0, 0, 0, 0, 1
g:\mywork\pytorch\detectron2\docs\tutorials\models.md, Markdown, 0, 0, 69, 0, 0, 0, 0, 0, 0, 0, 0, 0, 22, 91
g:\mywork\pytorch\detectron2\docs\tutorials\training.md, Markdown, 0, 0, 14, 0, 0, 0, 0, 0, 0, 0, 0, 0, 5, 19
g:\mywork\pytorch\detectron2\docs\tutorials\write-models.md, Markdown, 0, 0, 29, 0, 0, 0, 0, 0, 0, 0, 0, 0, 8, 37
g:\mywork\pytorch\detectron2\projects\DensePose\README.md, Markdown, 0, 0, 26, 0, 0, 0, 0, 0, 0, 0, 0, 0, 16, 42
g:\mywork\pytorch\detectron2\projects\DensePose\apply_net.py, Python, 0, 0, 0, 259, 0, 0, 0, 0, 0, 0, 0, 11, 40, 310
g:\mywork\pytorch\detectron2\projects\DensePose\configs\Base-DensePose-RCNN-FPN.yaml, YAML, 42, 0, 0, 0, 0, 0, 0, 0, 0, 0, 0, 3, 2, 47
g:\mywork\pytorch\detectron2\projects\DensePose\configs\densepose_rcnn_R_101_FPN_s1x.yaml, YAML, 8, 0, 0, 0, 0, 0, 0, 0, 0, 0, 0, 0, 2, 10
g:\mywork\pytorch\detectron2\projects\DensePose\configs\densepose_rcnn_R_50_FPN_s1x.yaml, YAML, 8, 0, 0, 0, 0, 0, 0, 0, 0, 0, 0, 0, 2, 10
g:\mywork\pytorch\detectron2\projects\DensePose\configs\quick_schedules\densepose_rcnn_R_50_FPN_inference_acc_test.yaml, YAML, 8, 0, 0, 0, 0, 0, 0, 0, 0, 0, 0, 0, 1, 9
g:\mywork\pytorch\detectron2\projects\DensePose\configs\quick_schedules\densepose_rcnn_R_50_FPN_instant_test.yaml, YAML, 9, 0, 0, 0, 0, 0, 0, 0, 0, 0, 0, 0, 1, 10
g:\mywork\pytorch\detectron2\projects\DensePose\configs\quick_schedules\densepose_rcnn_R_50_FPN_training_acc_test.yaml, YAML, 13, 0, 0, 0, 0, 0, 0, 0, 0, 0, 0, 0, 2, 15
g:\mywork\pytorch\detectron2\projects\DensePose\densepose\__init__.py, Python, 0, 0, 0, 7, 0, 0, 0, 0, 0, 0, 0, 1, 1, 9
g:\mywork\pytorch\detectron2\projects\DensePose\densepose\config.py, Python, 0, 0, 0, 20, 0, 0, 0, 0, 0, 0, 0, 10, 6, 36
g:\mywork\pytorch\detectron2\projects\DensePose\densepose\dataset.py, Python, 0, 0, 0, 36, 0, 0, 0, 0, 0, 0, 0, 2, 10, 48
g:\mywork\pytorch\detectron2\projects\DensePose\densepose\dataset_mapper.py, Python, 0, 0, 0, 73, 0, 0, 0, 0, 0, 0, 0, 27, 19, 119
g:\mywork\pytorch\detectron2\projects\DensePose\densepose\densepose_coco_evaluation.py, Python, 0, 0, 0, 717, 0, 0, 0, 0, 0, 0, 0, 162, 75, 954
g:\mywork\pytorch\detectron2\projects\DensePose\densepose\densepose_head.py, Python, 0, 0, 0, 415, 0, 0, 0, 0, 0, 0, 0, 151, 61, 627
g:\mywork\pytorch\detectron2\projects\DensePose\densepose\evaluator.py, Python, 0, 0, 0, 83, 0, 0, 0, 0, 0, 0, 0, 24, 26, 133
g:\mywork\pytorch\detectron2\projects\DensePose\densepose\roi_head.py, Python, 0, 0, 0, 70, 0, 0, 0, 0, 0, 0, 0, 22, 14, 106
g:\mywork\pytorch\detectron2\projects\DensePose\densepose\structures.py, Python, 0, 0, 0, 406, 0, 0, 0, 0, 0, 0, 0, 60, 54, 520
g:\mywork\pytorch\detectron2\projects\DensePose\densepose\utils\dbhelper.py, Python, 0, 0, 0, 91, 0, 0, 0, 0, 0, 0, 0, 29, 26, 146
g:\mywork\pytorch\detectron2\projects\DensePose\densepose\utils\logger.py, Python, 0, 0, 0, 10, 0, 0, 0, 0, 0, 0, 0, 1, 3, 14
g:\mywork\pytorch\detectron2\projects\DensePose\densepose\vis\base.py, Python, 0, 0, 0, 158, 0, 0, 0, 0, 0, 0, 0, 4, 29, 191
g:\mywork\pytorch\detectron2\projects\DensePose\densepose\vis\bounding_box.py, Python, 0, 0, 0, 29, 0, 0, 0, 0, 0, 0, 0, 1, 7, 37
g:\mywork\pytorch\detectron2\projects\DensePose\densepose\vis\densepose.py, Python, 0, 0, 0, 504, 0, 0, 0, 0, 0, 0, 0, 8, 70, 582
g:\mywork\pytorch\detectron2\projects\DensePose\densepose\vis\extractor.py, Python, 0, 0, 0, 99, 0, 0, 0, 0, 0, 0, 0, 22, 32, 153
g:\mywork\pytorch\detectron2\projects\DensePose\dev\README.md, Markdown, 0, 0, 5, 0, 0, 0, 0, 0, 0, 0, 0, 0, 3, 8
g:\mywork\pytorch\detectron2\projects\DensePose\dev\run_inference_tests.sh, Shell Script, 0, 0, 0, 0, 0, 0, 22, 0, 0, 0, 0, 2, 7, 31
g:\mywork\pytorch\detectron2\projects\DensePose\dev\run_instant_tests.sh, Shell Script, 0, 0, 0, 0, 0, 0, 20, 0, 0, 0, 0, 2, 6, 28
g:\mywork\pytorch\detectron2\projects\DensePose\doc\GETTING_STARTED.md, Markdown, 0, 0, 38, 0, 0, 0, 0, 0, 0, 0, 0, 0, 11, 49
g:\mywork\pytorch\detectron2\projects\DensePose\doc\MODEL_ZOO.md, Markdown, 0, 0, 51, 0, 0, 0, 0, 0, 0, 0, 0, 5, 11, 67
g:\mywork\pytorch\detectron2\projects\DensePose\doc\TOOL_APPLY_NET.md, Markdown, 0, 0, 71, 0, 0, 0, 0, 0, 0, 0, 0, 0, 22, 93
g:\mywork\pytorch\detectron2\projects\DensePose\doc\TOOL_QUERY_DB.md, Markdown, 0, 0, 83, 0, 0, 0, 0, 0, 0, 0, 0, 0, 23, 106
g:\mywork\pytorch\detectron2\projects\DensePose\query_db.py, Python, 0, 0, 0, 197, 0, 0, 0, 0, 0, 0, 0, 11, 40, 248
g:\mywork\pytorch\detectron2\projects\DensePose\train_net.py, Python, 0, 0, 0, 57, 0, 0, 0, 0, 0, 0, 0, 9, 16, 82
g:\mywork\pytorch\detectron2\projects\README.md, Markdown, 0, 0, 7, 0, 0, 0, 0, 0, 0, 0, 0, 0, 3, 10
g:\mywork\pytorch\detectron2\projects\TensorMask\README.md, Markdown, 0, 0, 45, 0, 0, 0, 0, 0, 0, 0, 0, 0, 19, 64
g:\mywork\pytorch\detectron2\projects\TensorMask\configs\Base-TensorMask.yaml, YAML, 24, 0, 0, 0, 0, 0, 0, 0, 0, 0, 0, 0, 1, 25
g:\mywork\pytorch\detectron2\projects\TensorMask\configs\tensormask_R_50_FPN_1x.yaml, YAML, 5, 0, 0, 0, 0, 0, 0, 0, 0, 0, 0, 0, 1, 6
g:\mywork\pytorch\detectron2\projects\TensorMask\configs\tensormask_R_50_FPN_6x.yaml, YAML, 11, 0, 0, 0, 0, 0, 0, 0, 0, 0, 0, 0, 1, 12
g:\mywork\pytorch\detectron2\projects\TensorMask\setup.py, Python, 0, 0, 0, 53, 0, 0, 0, 0, 0, 0, 0, 3, 17, 73
g:\mywork\pytorch\detectron2\projects\TensorMask\tensormask\__init__.py, Python, 0, 0, 0, 2, 0, 0, 0, 0, 0, 0, 0, 1, 1, 4
g:\mywork\pytorch\detectron2\projects\TensorMask\tensormask\arch.py, Python, 0, 0, 0, 541, 0, 0, 0, 0, 0, 0, 0, 276, 87, 904
g:\mywork\pytorch\detectron2\projects\TensorMask\tensormask\config.py, Python, 0, 0, 0, 19, 0, 0, 0, 0, 0, 0, 0, 21, 11, 51
g:\mywork\pytorch\detectron2\projects\TensorMask\tensormask\layers\__init__.py, Python, 0, 0, 0, 2, 0, 0, 0, 0, 0, 0, 0, 1, 2, 5
g:\mywork\pytorch\detectron2\projects\TensorMask\tensormask\layers\csrc\SwapAlign2Nat\SwapAlign2Nat.h, CUDA C++, 0, 0, 0, 0, 0, 0, 0, 0, 0, 47, 0, 1, 7, 55
g:\mywork\pytorch\detectron2\projects\TensorMask\tensormask\layers\csrc\SwapAlign2Nat\SwapAlign2Nat_cuda.cu, CUDA C++, 0, 0, 0, 0, 0, 0, 0, 0, 0, 488, 0, 3, 34, 525
g:\mywork\pytorch\detectron2\projects\TensorMask\tensormask\layers\csrc\vision.cpp, C++, 0, 0, 0, 0, 0, 0, 0, 0, 0, 0, 14, 1, 5, 20
g:\mywork\pytorch\detectron2\projects\TensorMask\tensormask\layers\swap_align2nat.py, Python, 0, 0, 0, 32, 0, 0, 0, 0, 0, 0, 0, 15, 15, 62
g:\mywork\pytorch\detectron2\projects\TensorMask\tests\__init__.py, Python, 0, 0, 0, 0, 0, 0, 0, 0, 0, 0, 0, 1, 1, 2
g:\mywork\pytorch\detectron2\projects\TensorMask\tests\test_swap_align2nat.py, Python, 0, 0, 0, 19, 0, 0, 0, 0, 0, 0, 0, 4, 8, 31
g:\mywork\pytorch\detectron2\projects\TensorMask\train_net.py, Python, 0, 0, 0, 46, 0, 0, 0, 0, 0, 0, 0, 9, 14, 69
g:\mywork\pytorch\detectron2\projects\TridentNet\README.md, Markdown, 0, 0, 43, 0, 0, 0, 0, 0, 0, 0, 0, 0, 18, 61
g:\mywork\pytorch\detectron2\projects\TridentNet\configs\Base-TridentNet-Fast-C4.yaml, YAML, 28, 0, 0, 0, 0, 0, 0, 0, 0, 0, 0, 0, 1, 29
g:\mywork\pytorch\detectron2\projects\TridentNet\configs\tridentnet_fast_R_101_C4_3x.yaml, YAML, 9, 0, 0, 0, 0, 0, 0, 0, 0, 0, 0, 0, 1, 10
g:\mywork\pytorch\detectron2\projects\TridentNet\configs\tridentnet_fast_R_50_C4_1x.yaml, YAML, 6, 0, 0, 0, 0, 0, 0, 0, 0, 0, 0, 0, 1, 7
g:\mywork\pytorch\detectron2\projects\TridentNet\configs\tridentnet_fast_R_50_C4_3x.yaml, YAML, 9, 0, 0, 0, 0, 0, 0, 0, 0, 0, 0, 0, 1, 10
g:\mywork\pytorch\detectron2\projects\TridentNet\train_net.py, Python, 0, 0, 0, 46, 0, 0, 0, 0, 0, 0, 0, 9, 14, 69
g:\mywork\pytorch\detectron2\projects\TridentNet\tridentnet\__init__.py, Python, 0, 0, 0, 8, 0, 0, 0, 0, 0, 0, 0, 1, 1, 10
g:\mywork\pytorch\detectron2\projects\TridentNet\tridentnet\config.py, Python, 0, 0, 0, 8, 0, 0, 0, 0, 0, 0, 0, 13, 6, 27
g:\mywork\pytorch\detectron2\projects\TridentNet\tridentnet\trident_backbone.py, Python, 0, 0, 0, 175, 0, 0, 0, 0, 0, 0, 0, 20, 29, 224
g:\mywork\pytorch\detectron2\projects\TridentNet\tridentnet\trident_conv.py, Python, 0, 0, 0, 95, 0, 0, 0, 0, 0, 0, 0, 1, 12, 108
g:\mywork\pytorch\detectron2\projects\TridentNet\tridentnet\trident_rcnn.py, Python, 0, 0, 0, 54, 0, 0, 0, 0, 0, 0, 0, 36, 21, 111
g:\mywork\pytorch\detectron2\projects\TridentNet\tridentnet\trident_rpn.py, Python, 0, 0, 0, 17, 0, 0, 0, 0, 0, 0, 0, 8, 8, 33
g:\mywork\pytorch\detectron2\setup.cfg, Properties, 0, 0, 0, 0, 22, 0, 0, 0, 0, 0, 0, 0, 2, 24
g:\mywork\pytorch\detectron2\setup.py, Python, 0, 0, 0, 88, 0, 0, 0, 0, 0, 0, 0, 12, 20, 120
g:\mywork\pytorch\detectron2\tests\__init__.py, Python, 0, 0, 0, 0, 0, 0, 0, 0, 0, 0, 0, 1, 1, 2
g:\mywork\pytorch\detectron2\tests\test_anchor_generator.py, Python, 0, 0, 0, 75, 0, 0, 0, 0, 0, 0, 0, 3, 13, 91
g:\mywork\pytorch\detectron2\tests\test_box2box_transform.py, Python, 0, 0, 0, 43, 0, 0, 0, 0, 0, 0, 0, 1, 15, 59
g:\mywork\pytorch\detectron2\tests\test_boxes.py, Python, 0, 0, 0, 47, 0, 0, 0, 0, 0, 0, 0, 1, 16, 64
g:\mywork\pytorch\detectron2\tests\test_checkpoint.py, Python, 0, 0, 0, 36, 0, 0, 0, 0, 0, 0, 0, 3, 10, 49
g:\mywork\pytorch\detectron2\tests\test_config.py, Python, 0, 0, 0, 34, 0, 0, 0, 0, 0, 0, 0, 11, 14, 59
g:\mywork\pytorch\detectron2\tests\test_data_transform.py, Python, 0, 0, 0, 64, 0, 0, 0, 0, 0, 0, 0, 2, 15, 81
g:\mywork\pytorch\detectron2\tests\test_fast_rcnn.py, Python, 0, 0, 0, 83, 0, 0, 0, 0, 0, 0, 0, 5, 16, 104
g:\mywork\pytorch\detectron2\tests\test_mask_ops.py, Python, 0, 0, 0, 137, 0, 0, 0, 0, 0, 0, 0, 17, 36, 190
g:\mywork\pytorch\detectron2\tests\test_model_e2e.py, Python, 0, 0, 0, 67, 0, 0, 0, 0, 0, 0, 0, 8, 20, 95
g:\mywork\pytorch\detectron2\tests\test_model_zoo.py, Python, 0, 0, 0, 14, 0, 0, 0, 0, 0, 0, 0, 1, 8, 23
g:\mywork\pytorch\detectron2\tests\test_nms_rotated.py, Python, 0, 0, 0, 125, 0, 0, 0, 0, 0, 0, 0, 18, 17, 160
g:\mywork\pytorch\detectron2\tests\test_roi_align.py, Python, 0, 0, 0, 55, 0, 0, 0, 0, 0, 0, 0, 16, 16, 87
g:\mywork\pytorch\detectron2\tests\test_roi_align_rotated.py, Python, 0, 0, 0, 112, 0, 0, 0, 0, 0, 0, 0, 35, 30, 177
g:\mywork\pytorch\detectron2\tests\test_roi_heads.py, Python, 0, 0, 0, 92, 0, 0, 0, 0, 0, 0, 0, 1, 16, 109
g:\mywork\pytorch\detectron2\tests\test_roi_pooler.py, Python, 0, 0, 0, 66, 0, 0, 0, 0, 0, 0, 0, 1, 19, 86
g:\mywork\pytorch\detectron2\tests\test_rotated_boxes.py, Python, 0, 0, 0, 514, 0, 0, 0, 0, 0, 0, 0, 15, 50, 579
g:\mywork\pytorch\detectron2\tests\test_rpn.py, Python, 0, 0, 0, 189, 0, 0, 0, 0, 0, 0, 0, 5, 17, 211
g:\mywork\pytorch\detectron2\tests\test_sampler.py, Python, 0, 0, 0, 16, 0, 0, 0, 0, 0, 0, 0, 1, 7, 24
g:\mywork\pytorch\detectron2\tests\test_visualizer.py, Python, 0, 0, 0, 114, 0, 0, 0, 0, 0, 0, 0, 5, 25, 144
g:\mywork\pytorch\detectron2\tools\benchmark.py, Python, 0, 0, 0, 116, 0, 0, 0, 0, 0, 0, 0, 12, 24, 152
g:\mywork\pytorch\detectron2\tools\plain_train_net.py, Python, 0, 0, 0, 172, 0, 0, 0, 0, 0, 0, 0, 31, 28, 231
g:\mywork\pytorch\detectron2\tools\train_net.py, Python, 0, 0, 0, 112, 0, 0, 0, 0, 0, 0, 0, 38, 17, 167
g:\mywork\pytorch\detectron2\tools\visualize_data.py, Python, 0, 0, 0, 83, 0, 0, 0, 0, 0, 0, 0, 2, 12, 97
g:\mywork\pytorch\detectron2\tools\visualize_json_results.py, Python, 0, 0, 0, 64, 0, 0, 0, 0, 0, 0, 0, 4, 23, 91
Total, -, 1367, 17, 2001, 18662, 22, 1, 131, 9, 186, 4344, 992, 9151, 5624, 42507